lesson,kana,meaning_vi
1,わたし,tôi
1,わたしたち,chúng tôi
1,あなた,bạn/anh/chị (ngôi thứ 2)
1,ひと,người
1,この ひと,người này
1,あの ひと,người kia
1,かた,vị
1,この かた,vị này
1,あの かた,vị kia
1,～さん,bạn～/anh～/chị～/ông～/bà～
1,せんせい,thầy/cô
1,がくせい,học sinh/học viên
1,だいがくせい,sinh viên
1,きょうし,giáo viên
1,てんいん,nhân viên cửa hàng
1,かいしゃいん,nhân viên công ty
1,ぎんこういん,nhân viên ngân hàng
1,いしゃ,bác sĩ
1,しゅふ,nội trợ
1,かしゅ,ca sĩ
1,うんてんしゅ,tài xế
1,しごと,công việc
1,おしごとは？,(anh/chị) làm công việc gì?
1,はい,vâng
1,いいえ,không
1,だれ？,ai?
1,どなた？,ai/vị nào?
1,なまえ,tên
1,おなまえは？,(anh/chị) tên gì?
1,べとなむ,Việt Nam
1,にほん,Nhật Bản
1,かんこく,Hàn Quốc
1,ちゅうごく,Trung Quốc
1,たいわん,Đài Loan
1,～じん,người～
1,べとなむじん,người Việt Nam
1,にほんじん,người Nhật Bản
1,こくせき,quốc tịch
1,ごこくせきは？,(anh/chị) quốc tịch gì?
1,こうちょう,hiệu trưởng
1,しゃちょう,giám đốc
1,てんちょう,cửa hàng trưởng
1,こうむいん,cán bộ nhà nước
1,けいさつかん,cảnh sát
1,ちょうりし,đầu bếp
1,べんごし,luật sư
1,かんごし,y tá
1,かいごし,điều dưỡng
1,えんじにあ,kỹ sư
1,たい,Thái Lan
1,いんど,Ấn Độ
1,いぎりす,Anh
1,ふらんす,Pháp
1,あめりか,Mỹ
1,どいつ,Đức
1,いたりあ,Ý
1,みなさん,mọi người
1,はじめまして,lần đầu gặp mặt
1,どうぞ よろしく,rất mong được giúp đỡ
1,どうぞ よろしく おねがいします,rất mong được giúp đỡ (lịch sự hơn)
1,おはよう ございます,chào (buổi sáng)
1,こんにちは,chào (buổi trưa)
1,こんばんは,chào (buổi tối)
1,しゅっしん,quê quán
1,HO CHI MINH し,thành phố Hồ Chí Minh
1,しつれいですが,xin thất lễ (mở đầu câu hỏi)
2,これ,cái này (chỉ vật gần người nói và xa người nghe)
2,それ,cái đó (chỉ vật gần người nghe và xa người nói)
2,あれ,cái kia (chỉ vật xa cả người nói và người nghe)
2,かばん,cặp
2,ほん,sách
2,じしょ,từ điển
2,てちょう,sổ tay
2,ふでばこ,hộp bút
2,えんぴつ,bút chì chuốt
2,けしごむ,cục gôm/tẩy
2,しんぶん,tờ báo
2,ざっし,tạp chí
2,つくえ,cái bàn
2,いす,cái ghế
2,せんぷうき,quạt máy
2,かさ,ô/dù
2,ぼうし,nón
2,めがね,mắt kính
2,とけい,đồng hồ
2,さいふ,ví tiền
2,くつ,giày
2,でんわ,điện thoại
2,かぎ,chìa khóa
2,じてんしゃ,xe đạp
2,じどうしゃ,xe hơi
2,くるま,xe hơi
2,ばいく,xe máy
2,おかし,bánh kẹo
2,なんですか？,là cái gì?
2,だれの ～？,～ của ai?
2,どこの ～？,～ của nước nào?
2,なんの ～？,～ gì?
2,～ご,tiếng～
2,にほんご,tiếng Nhật
2,ちゅうごくご,tiếng Trung Quốc
2,えいご,tiếng Anh
2,なにご？,tiếng gì?
2,どれですか？,cái nào?
2,どの ～ですか？,là ～ nào?
2,この ～,～ này
2,その ～,～ đó
2,あの ～,～ kia
2,N1とN2,N1 và N2
2,がっこう,trường học
2,かいしゃ,công ty
2,へや,phòng
2,もの,vật/đồ vật/hàng hóa
2,こくばん,bảng đen
2,でんき,điện/đèn
2,かめら,máy chụp hình
2,のーと,vở/quyển vở
2,くーらー,máy lạnh
2,おとこ,đàn ông
2,おんな,phụ nữ
2,はい、そうです,vâng đúng vậy
2,いいえ、ちがいます,không (không phải vậy)
3,ここ,chỗ này (chỗ người nói hiện diện và xa người nghe)
3,そこ,chỗ đó (chỗ người nghe hiện diện và xa người nói hoặc chỗ không cách xa lắm với cả người nói và người nghe)
3,あそこ,chỗ kia (chỗ cách xa hẳn cả người nói và người nghe)
3,がっこう,trường học
3,うけつけ,quầy tiếp tân
3,かいだん,cầu thang
3,じむしつ,văn phòng
3,じしゅうしつ,phòng tự học
3,きょうしつ,phòng học
3,かいぎしつ,phòng họp
3,としょかん,thư viện
3,としょしつ,phòng đọc sách
3,おてあらい,nhà vệ sinh
3,かいじょう,hội trường
3,しょくどう,nhà ăn
3,～かい,tầng～ (chú ý cách biến âm tầng 1/3/6/8/10)
3,なんがい,tầng mấy? (giao tiếp hàng ngày cũng dùng なんかい)
3,うち,nhà (nơi sinh sống/gia đình)
3,いえ,căn nhà (về mặt vật lý)
3,げんかん,tiền sảnh
3,おうせつま,phòng tiếp khách (trang trọng/lịch sự)
3,いま,phòng khách (nơi sinh hoạt gia đình)
3,だいどころ,nhà bếp
3,よくしつ,nhà tắm
3,ふろば,phòng tắm (thân mật/hội thoại)
3,しんしつ,phòng ngủ
3,まど,cửa sổ
3,どこですか？,chỗ nào?
3,どちらですか？,phía nào?
3,こちら,phía này (phía người nói hiện diện và xa người nghe)
3,そちら,phía đó (phía người nghe hiện diện và xa người nói hoặc phía không cách xa lắm với cả người nói và người nghe)
3,あちら,phía kia (phía cách xa hẳn cả người nói và người nghe)
3,きっさてん,quán nước
3,ぎんこう,ngân hàng
3,おてら,chùa
3,きょうかい,nhà thờ
3,びょういん,bệnh viện
3,こうえん,công viên
3,ほんや,nhà sách
3,いちば,chợ
3,えき,nhà ga
3,くうこう,sân bay
3,えいがかん,rạp chiếu phim
3,どうぶつえん,sở thú
3,ゆうびんきょく,bưu