lesson,kanji,kana,meaning_vi
16,歩く,あるく,đi bộ/đi
16,住む,すむ,sinh sống/sống (ở Nhật)
16,変わる,かわる,thay đổi (thời tiết)
16,起こる,おこる,xảy ra (tai nạn)
16,長い,ながい,dài
16,短い,みじかい,ngắn
16,半分,はんぶん,một nửa
16,お金持ち,おかねもち,giàu có
16,話,はなし,câu chuyện
16,せんたく物,せんたくもの,quần áo giặt
16,風が ふく,かぜが ふく,gió thổi
16,雨が ふる,あめが ふる,trời mưa
16,雨が 止む,あめが やむ,tạnh mưa
16,冷たい,つめたい,lạnh
16,安全,あんぜん,an toàn
16,一日中,いちにちじゅう,suốt cả ngày
16,北部,ほくぶ,Bắc bộ
16,中部,ちゅうぶ,Trung bộ
16,南部,なんぶ,Nam bộ
16,首都,しゅと,thủ đô
16,空,そら,bầu trời
16,林,はやし,rừng
16,～方,～かた,cách～
17,返す,かえす,trả lại (sách)
17,出す,だす,gửi (thư)/nộp/lấy
17,取る,とる,lấy (điện thoại)/ghi chú
17,持つ,もつ,cầm/mang (hành lý)
17,消す,けす,tắt (đèn)
17,浴びる,あびる,tắm (vòi sen)
17,閉める,しめる,đóng (cửa)
17,開ける,あける,mở (cửa)
17,参加する,さんかする,tham gia (cuộc thi)
17,実家,じっか,quê nhà/nhà bố mẹ
17,海外旅行,かいがいりょこう,du lịch nước ngoài
17,体験,たいけん,trải nghiệm
17,遊ぶ,あそぶ,chơi/vui đùa
17,文学,ぶんがく,văn học
17,楽しみ,たのしみ,mong đợi/mong chờ